{
  "n_seeds": 10,
  "mean_r": 0.06559743806131371,
  "ci95": [
    0.02339495773851462,
    0.1077999183841128
  ],
  "phase3_ref": -0.178,
  "phase5a_ref": 0.079,
  "ttest_t": 3.0465265931471053,
  "ttest_p": 0.013870631843201689,
  "cohens_d": 0.9633962986617973,
  "positive": true
}