{
  "completed_evo": [
    42,
    43,
    44,
    45,
    46,
    47,
    48,
    49,
    50,
    51
  ],
  "evo_run_dirs": {
    "42": "outputs\\phase4_plasticity\\run_20260410_154050_seed42",
    "43": "outputs\\phase4_plasticity\\run_20260410_154234_seed43",
    "44": "outputs\\phase4_plasticity\\run_20260410_154418_seed44",
    "45": "outputs\\phase4_plasticity\\run_20260410_154607_seed45",
    "46": "outputs\\phase4_plasticity\\run_20260410_154742_seed46",
    "47": "outputs\\phase4_plasticity\\run_20260410_154905_seed47",
    "48": "outputs\\phase4_plasticity\\run_20260410_155035_seed48",
    "49": "outputs\\phase4_plasticity\\run_20260410_155159_seed49",
    "50": "outputs\\phase4_plasticity\\run_20260410_155313_seed50",
    "51": "outputs\\phase4_plasticity\\run_20260410_155444_seed51"
  },
  "evo_summaries": [
    {
      "seed": 42,
      "n_survivors": 24,
      "final_care_mean": 0.43609456149626397,
      "final_forage_mean": 0.5143756550664201,
      "final_learning_rate_mean": 0.16947117455284308,
      "final_learning_cost_mean": 0.0642073483400649,
      "max_generation": 50,
      "is_baldwin": true,
      "care_recovery": 0.08101929652822243,
      "lr_delta": 0.06602460640175387,
      "care_recovered": true,
      "lr_swept": true
    },
    {
      "seed": 43,
      "n_survivors": 25,
      "final_care_mean": 0.4850293962565898,
      "final_forage_mean": 0.574805199808839,
      "final_learning_rate_mean": 0.10255108785938157,
      "final_learning_cost_mean": 0.07439353219229113,
      "max_generation": 50,
      "is_baldwin": false,
      "care_recovery": 0.027072532540149574,
      "lr_delta": 0.003818510389387436,
      "care_recovered": false,
      "lr_swept": false
    },
    {
      "seed": 44,
      "n_survivors": 25,
      "final_care_mean": 0.4403801276062946,
      "final_forage_mean": 0.5766938705027116,
      "final_learning_rate_mean": 0.17792667127316805,
      "final_learning_cost_mean": 0.0699275713832642,
      "max_generation": 50,
      "is_baldwin": false,
      "care_recovery": 0.01389604881283868,
      "lr_delta": 0.07627083062390068,
      "care_recovered": false,
      "lr_swept": true
    },
    {
      "seed": 45,
      "n_survivors": 28,
      "final_care_mean": 0.43810444356812966,
      "final_forage_mean": 0.6134539142482155,
      "final_learning_rate_mean": 0.17155574350406372,
      "final_learning_cost_mean": 0.09927705671134177,
      "max_generation": 50,
      "is_baldwin": false,
      "care_recovery": 0.008781231998915673,
      "lr_delta": 0.07198762187469537,
      "care_recovered": false,
      "lr_swept": true
    },
    {
      "seed": 46,
      "n_survivors": 29,
      "final_care_mean": 0.4168278407756935,
      "final_forage_mean": 0.4629780530256764,
      "final_learning_rate_mean": 0.14934227514717294,
      "final_learning_cost_mean": 0.1160045294547206,
      "max_generation": 50,
      "is_baldwin": true,
      "care_recovery": 0.04599928561966693,
      "lr_delta": 0.04314523640514259,
      "care_recovered": true,
      "lr_swept": true
    },
    {
      "seed": 47,
      "n_survivors": 27,
      "final_care_mean": 0.4541970347903566,
      "final_forage_mean": 0.5361331894375629,
      "final_learning_rate_mean": 0.1934399896729474,
      "final_learning_cost_mean": 0.10536519296703621,
      "max_generation": 50,
      "is_baldwin": false,
      "care_recovery": 0.011298710045700044,
      "lr_delta": 0.09540899278483737,
      "care_recovered": false,
      "lr_swept": true
    },
    {
      "seed": 48,
      "n_survivors": 27,
      "final_care_mean": 0.4709023731888997,
      "final_forage_mean": 0.5098458970907629,
      "final_learning_rate_mean": 0.15562699936710567,
      "final_learning_cost_mean": 0.13166862326655032,
      "max_generation": 50,
      "is_baldwin": false,
      "care_recovery": 0.0055215520322018374,
      "lr_delta": 0.06270969594770598,
      "care_recovered": false,
      "lr_swept": true
    },
    {
      "seed": 49,
      "n_survivors": 25,
      "final_care_mean": 0.45730010185967634,
      "final_forage_mean": 0.5551652488568264,
      "final_learning_rate_mean": 0.16377662091778547,
      "final_learning_cost_mean": 0.1345830466554621,
      "max_generation": 50,
      "is_baldwin": false,
      "care_recovery": 0.0,
      "lr_delta": 0.06794328758445213,
      "care_recovered": false,
      "lr_swept": true
    },
    {
      "seed": 50,
      "n_survivors": 26,
      "final_care_mean": 0.39965475446401766,
      "final_forage_mean": 0.5870989541753457,
      "final_learning_rate_mean": 0.12725874249991959,
      "final_learning_cost_mean": 0.06190174753304483,
      "max_generation": 50,
      "is_baldwin": false,
      "care_recovery": 0.004230354375987455,
      "lr_delta": 0.02818946040280322,
      "care_recovered": false,
      "lr_swept": false
    },
    {
      "seed": 51,
      "n_survivors": 25,
      "final_care_mean": 0.4158466528151294,
      "final_forage_mean": 0.6404970205822376,
      "final_learning_rate_mean": 0.13678468262634025,
      "final_learning_cost_mean": 0.16642377584940501,
      "max_generation": 50,
      "is_baldwin": false,
      "care_recovery": 0.006693920543588139,
      "lr_delta": 0.03144546113942376,
      "care_recovered": false,
      "lr_swept": true
    }
  ],
  "completed_zs": [
    42,
    43,
    44,
    45,
    46,
    47,
    48,
    49,
    50,
    51
  ],
  "zs_run_dirs": {
    "42": "outputs\\phase4_plasticity\\run_20260410_155629_seed42",
    "43": "outputs\\phase4_plasticity\\run_20260410_155635_seed43",
    "44": "outputs\\phase4_plasticity\\run_20260410_155638_seed44",
    "45": "outputs\\phase4_plasticity\\run_20260410_155646_seed45",
    "46": "outputs\\phase4_plasticity\\run_20260410_155652_seed46",
    "47": "outputs\\phase4_plasticity\\run_20260410_155655_seed47",
    "48": "outputs\\phase4_plasticity\\run_20260410_155703_seed48",
    "49": "outputs\\phase4_plasticity\\run_20260410_155714_seed49",
    "50": "outputs\\phase4_plasticity\\run_20260410_155721_seed50",
    "51": "outputs\\phase4_plasticity\\run_20260410_155726_seed51"
  },
  "zs_summaries": [
    {
      "seed": 42,
      "window_rate": 0.09933499584372402,
      "window_care": 239,
      "last_alive": 575,
      "run_dir": "outputs\\phase4_plasticity\\run_20260410_155629_seed42"
    },
    {
      "seed": 43,
      "window_rate": 0.07049504950495049,
      "window_care": 178,
      "last_alive": 999,
      "run_dir": "outputs\\phase4_plasticity\\run_20260410_155635_seed43"
    },
    {
      "seed": 44,
      "window_rate": 0.08061953931691819,
      "window_care": 203,
      "last_alive": 843,
      "run_dir": "outputs\\phase4_plasticity\\run_20260410_155638_seed44"
    },
    {
      "seed": 45,
      "window_rate": 0.07920792079207921,
      "window_care": 224,
      "last_alive": 575,
      "run_dir": "outputs\\phase4_plasticity\\run_20260410_155646_seed45"
    },
    {
      "seed": 46,
      "window_rate": 0.09036144578313253,
      "window_care": 255,
      "last_alive": 596,
      "run_dir": "outputs\\phase4_plasticity\\run_20260410_155652_seed46"
    },
    {
      "seed": 47,
      "window_rate": 0.06862385321100918,
      "window_care": 187,
      "last_alive": 747,
      "run_dir": "outputs\\phase4_plasticity\\run_20260410_155655_seed47"
    },
    {
      "seed": 48,
      "window_rate": 0.11164157179581344,
      "window_care": 304,
      "last_alive": 804,
      "run_dir": "outputs\\phase4_plasticity\\run_20260410_155703_seed48"
    },
    {
      "seed": 49,
      "window_rate": 0.08475247524752476,
      "window_care": 214,
      "last_alive": 694,
      "run_dir": "outputs\\phase4_plasticity\\run_20260410_155714_seed49"
    },
    {
      "seed": 50,
      "window_rate": 0.07425742574257425,
      "window_care": 195,
      "last_alive": 391,
      "run_dir": "outputs\\phase4_plasticity\\run_20260410_155721_seed50"
    },
    {
      "seed": 51,
      "window_rate": 0.07847800237812129,