{
  "experiment": "05_ceiling_drop_FIXED",
  "bug_fix": "genome assigned at birth",
  "init_care": 0.8,
  "n_seeds": 10,
  "mean_r": -0.032921137913544105,
  "sd_r": 0.08773819553668245,
  "n_negative_seeds": 8,
  "total_genome_fallback": 0,
  "per_seed_r": {
    "42": -0.037557239092359106,
    "43": -0.1056413391720178,
    "44": -0.05710055654085273,
    "45": -0.008611565227270883,
    "46": 0.08425067566771992,
    "47": -0.007707169330504465,
    "48": 0.12366101627487701,
    "49": -0.1413790912764822,
    "50": -0.036019112844764764,
    "51": -0.14310699759378603
  },
  "per_seed_final_cw": {
    "42": 0.7992807434336303,
    "43": 0.7502151025561397,
    "44": 0.7829609584664717,
    "45": 0.7930101374945937,
    "46": 0.819386541094386,
    "47": 0.7873273175928405,
    "48": 0.8281242923095853,
    "49": 0.7818453280779092,
    "50": 0.8008958652423377,
    "51": 0.7446325487016305
  },
  "per_seed_fallback": {
    "42": 0,
    "43": 0,
    "44": 0,
    "45": 0,
    "46": 0,
    "47": 0,
    "48": 0,
    "49": 0,
    "50": 0,
    "51": 0
  }
}