{
  "experiment": "06_true_neutral_FIXED",
  "bug_fix": "genome assigned at birth",
  "infant_mult": 0.0,
  "feed_cost": 0.0,
  "init_care": 0.8,
  "n_seeds": 10,
  "mean_r": -0.01398786830784179,
  "sd_r": 0.08764014707786137,
  "n_negative_seeds": 7,
  "total_genome_fallback": 0,
  "per_seed_r": {
    "42": 0.19528162775783173,
    "43": 0.01882695897255186,
    "44": -0.052758866733324625,
    "45": -0.016768845734522243,
    "46": -0.07363639375656282,
    "47": 0.018038427154349685,
    "48": -0.1300787263526313,
    "49": -0.08192489851871987,
    "50": -0.010396137374724364,
    "51": -0.006461828492665966
  },
  "per_seed_final_cw": {
    "42": 0.8263262703580027,
    "43": 0.8029386616319797,
    "44": 0.7896434895849126,
    "45": 0.7942121574759043,
    "46": 0.7778346819269434,
    "47": 0.8045798173819679,
    "48": 0.7455428478474737,
    "49": 0.7291636109203148,
    "50": 0.8180197030723865,
    "51": 0.7530109193293516
  },
  "per_seed_fallback": {
    "42": 0,
    "43": 0,
    "44": 0,
    "45": 0,
    "46": 0,
    "47": 0,
    "48": 0,
    "49": 0,
    "50": 0,
    "51": 0
  }
}