{
  "experiment": "ceiling_drop",
  "init_care": 0.8,
  "init_forage": 1.0,
  "grid": "50x50",
  "init_mothers": 40,
  "init_food": 120,
  "n_seeds": 10,
  "mean_r": -0.3435384223613178,
  "sd_r": 0.10375828659604111,
  "n_negative_seeds": 10,
  "n_positive_seeds": 0,
  "binom_p_negative": 0.0009765625,
  "binom_p_positive": 1.0,
  "interpretation": "EROSION CONFIRMED \u2014 care declines from ceiling",
  "per_seed_r": {
    "42": -0.45496436335893975,
    "43": -0.44884626494899776,
    "44": -0.3864848314958049,
    "45": -0.3363582134496392,
    "46": -0.35416452746657273,
    "47": -0.2526155257429059,
    "48": -0.0999850613211276,
    "49": -0.33410061509787103,
    "50": -0.3987658049195247,
    "51": -0.36909901581179466
  },
  "per_seed_final_cw": {
    "42": 0.49120630752665106,
    "43": 0.49473165912000167,
    "44": 0.49094051739583483,
    "45": 0.5071700421975857,
    "46": 0.5049137091622108,
    "47": 0.4865225470557061,
    "48": 0.5401953467099226,
    "49": 0.500765438562679,
    "50": 0.502250693656815,
    "51": 0.48832588379260317
  }
}