{
  "population": [
    12,
    12,
    12,
    12,
    12,
    12,
    12,
    12,
    12,
    12,
    12,
    12,
    12,
    12,
    12,
    12,
    12,
    12,
    12,
    12,
    12,
    12,
    12,
    12,
    12,
    12,
    12,
    12,
    12,
    12,
    12,
    12,
    12,
    12,
    12,
    12,
    12,
    12,
    12,
    12,
    12,
    12,
    12,
    12,
    12,
    12,
    12,
    12,
    12,
    12,
    12,
    12,
    12,
    12,
    12,
    12,
    12,
    12,
    12,
    12,
    12,
    12,
    12,
    12,
    12,
    12,
    12,
    12,
    12,
    12,
    12,
    12,
    12,
    12,
    12,
    12,
    12,
    12,
    12,
    12,
    12,
    12,
    12,
    12,
    12,
    12,
    12,
    12,
    12,
    12,
    12,
    12,
    12,
    12,
    12,
    12,
    12,
    12,
    12,
    12,
    12,
    12,
    12,
    12,
    12,
    12,
    12,
    12,
    12,
    12,
    12,
    12,
    12,
    12,
    12,
    12,
    12,
    12,
    12,
    12,
    12,
    12,
    12,
    12,
    12,
    12,
    12,
    12,
    12,
    12,
    12,
    12,
    12,
    12,
    12,
    12,
    12,
    12,
    12,
    12,
    12,
    12,
    12,
    12,
    12,
    12,
    12,
    12,
    12,
    12,
    12,
    12,
    12,
    12,
    12,
    12,
    12,
    12,
    12,
    12,
    12,
    12,
    12,
    12,
    12,
    12,
    12,
    12,
    12,
    12,
    12,
    12,
    12,
    12,
    12,
    12,
    12,
    12,
    12,
    12,
    12,
    12,
    12,
    12,
    12,
    12,
    12,
    12,
    12,
    12,
    12,
    12,
    12,
    12,
    12,
    12,
    12,
    12,
    12,
    12,
    12,
    12,
    12,
    12,
    12,
    12,
    12,
    12,
    12,
    12,
    12,
    12,
    12,
    12,
    12,
    12,
    12,
    12,
    12,
    12,
    12,
    12,
    12,
    12,
    12,
    12,
    12,
    12,
    12,
    12,
    12,
    12,
    12,
    12,
    12,
    12,
    12,
    12,
    12,
    12,
    12,
    12,
    12,
    12,
    12,
    12,
    12,
    12,
    12,
    12,
    12,
    12,
    12,
    12,
    12,
    12,
    12,
    12,
    12,
    12,
    12,
    12,
    12,
    12,
    12,
    12,
    12,
    12,
    12,
    12,
    12,
    12,
    12,
    12,
    12,
    12,
    12,
    12,
    12,
    12,
    12,
    12,
    12,
    12,
    12,
    12,
    12,
    12,
    12,
    12,
    12,
    12,
    12,
    12,
    12,
    12,
    12,
    12,
    12,
    12
  ],
  "energy": [
    0.8370000000000001,
    0.8264999999999999,
    0.9071666666666666,
    0.9606666666666667,
    0.9834999999999999,
    0.977,
    0.9735,
    0.9787499999999999,
    0.9711666666666666,
    0.9629166666666666,
    0.95575,
    0.951,
    0.9449166666666665,
    0.93775,
    0.9388333333333333,
    0.9364166666666667,
    0.9418333333333333,
    0.9300833333333333,
    0.9387499999999999,
    0.9556666666666667,
    0.9524166666666667,
    0.9560833333333333,
    0.9641666666666667,
    0.9563333333333333,
    0.9539166666666666,
    0.9530833333333333,
    0.9476666666666667,
    0.9444166666666667,
    0.9525,
    0.9442499999999999,
    0.9500833333333333,
    0.9496666666666665,
    0.9375,
    0.9314166666666667,
    0.9329166666666665,
    0.9391666666666666,
    0.9491666666666666,
    0.94875,
    0.9402499999999999,
    0.9365833333333332,
    0.9244166666666667,
    0.9211666666666666,
    0.9174166666666665,
    0.9448333333333333,
    0.9391666666666666,
    0.9374166666666666,
    0.9380833333333333,
    0.9333333333333332,
    0.9265833333333333,
    0.9384999999999999,
    0.9349999999999999,
    0.9514999999999999,
    0.9478333333333332,
    0.9443333333333332,
    0.9439166666666666,
    0.9511666666666666,
    0.9429166666666666,
    0.9424999999999999,
    0.9338333333333333,
    0.9249166666666665,
    0.9184166666666665,
    0.9158333333333332,
    0.9049166666666665,
    0.9227499999999998,
    0.9114166666666667,
    0.9253333333333332,
    0.9164166666666667,
    0.9294166666666666,
    0.9334999999999999,
    0.9419999999999998,
    0.9378333333333333,
    0.9402499999999999,
    0.9311666666666666,
    0.9194166666666667,
    0.9191666666666666,
    0.9460833333333333,
    0.9658333333333333,
    0.9619166666666666,
    0.9569166666666665,
    0.9538333333333333,
    0.9643333333333333,
    0.9740833333333333,
    0.97825,
    0.973,
    0.9784999999999999,
    0.9659166666666666,
    0.9594166666666667,
    0.9500833333333333,
    0.9535833333333333,
    0.956,
    0.9525,
    0.9470833333333334,
    0.9514166666666667,
    0.9504999999999999,
    0.9735,
    0.9704999999999999,
    0.9656666666666666,
    0.9760833333333333,
    0.9745833333333334,
    0.9706666666666667,
    0.9632499999999999,
    0.9598333333333332,
    0.9480833333333333,
    0.9556666666666667,
    0.9667499999999999,
    0.9589166666666666,
    0.9620000000000001,
    0.9541666666666666,
    0.9574166666666666,
    0.967,
    0.9587499999999999,
    0.9609166666666665,
    0.9704166666666666,
    0.9830833333333334,
    0.9700833333333333,
    0.9583333333333334,
    0.9614166666666666,
    0.9531666666666666,
    0.9514166666666667,
    0.9529166666666665,
    0.95375,
    0.9650833333333333,
    0.9529166666666665,
    0.9453333333333332,
    0.9356666666666666,
    0.9602499999999999,
    0.9526666666666666,
    0.9472499999999999,
    0.9429166666666666,
    0.9350833333333334,
    0.9280833333333333,
    0.9179999999999998,
    0.9223333333333333,
    0.9188333333333333,
    0.9318333333333332,
    0.92775,
    0.9155833333333332,
    0.9108333333333333,
    0.8999166666666666,
    0.9273333333333332,
    0.9155833333333332,
    0.9123333333333332,
    0.9043333333333332,
    0.8917499999999999,
    0.8845833333333332,
    0.8924166666666665,
    0.8869999999999999,
    0.8891666666666665,
    0.8798333333333331,
    0.8829999999999999,
    0.8736666666666665,
    0.8627499999999998,
    0.86925,
    0.8599166666666666,
    0.8724999999999999,
    0.8705833333333333,
    0.8734166666666665,
    0.8616666666666665,
    0.8594999999999998,
    0.8569166666666664,
    0.8529999999999999,
    0.8649166666666664,
    0.8700833333333332,
    0.9166666666666665,
    0.9238333333333332,
    0.9208333333333333,
    0.9169166666666665,
    0.9079999999999999,
    0.9086666666666665,
    0.8965,
    0.8949999999999999,
    0.8943333333333333,
    0.8817499999999998,
    0.8749999999999999,
    0.8652499999999997,
    0.8624166666666665,
    0.8659166666666666,
    0.8541666666666665,
    0.8574166666666665,
    0.8660833333333331,
    0.8534999999999998,
    0.8421666666666665,
    0.8478333333333331,
    0.8410833333333332,
    0.8579999999999998,
    0.8525833333333331,
    0.8521666666666664,
    0.8616666666666665,
    0.8822499999999999,
    0.8917499999999997,
    0.8915833333333332,
    0.8794166666666664,
    0.881583333333333,
    0.8889166666666665,
    0.8937499999999998,
    0.9052499999999998,
    0.8934999999999998,
    0.8837499999999997,
    0.8774166666666665,
    0.9203333333333331,
    0.9151666666666665,
    0.9050833333333331,
    0.9100833333333331,
    0.9053333333333331,
    0.8952499999999998,
    0.9418333333333332,
    0.9561666666666665,
    0.9431666666666665,
    0.9314166666666664,
    0.9294166666666666,
    0.9380833333333333,
    0.93325,
    0.9304166666666666,
    0.9217499999999998,
    0.9178333333333333,
    0.9060833333333332,
    0.9043333333333332,
    0.9019166666666666,
    0.9412499999999998,
    0.9438333333333332,
    0.9418333333333333,
    0.9348333333333332,
    0.9261666666666666,
    0.9215833333333333,
    0.9118333333333332,
    0.8996666666666666,
    0.8879166666666665,
    0.8929166666666665,
    0.8811666666666665,
    0.9022499999999999,
    0.8961666666666664,
    0.8852499999999998,
    0.9190833333333331,
    0.9281666666666665,
    0.9205833333333332,
    0.9088333333333333,
    0.9225833333333332,
    0.9179999999999998,
    0.9210833333333333,
    0.9089166666666665,
    0.9010833333333332,
