{
  "population": [
    12,
    12,
    12,
    12,
    12,
    12,
    12,
    12,
    12,
    12,
    12,
    12,
    12,
    12,
    12,
    12,
    12,
    12,
    12,
    12,
    12,
    12,
    12,
    12,
    12,
    12,
    12,
    12,
    12,
    12,
    12,
    12,
    12,
    12,
    12,
    12,
    12,
    12,
    12,
    12,
    12,
    12,
    12,
    12,
    12,
    12,
    12,
    12,
    12,
    12,
    12,
    12,
    12,
    12,
    12,
    12,
    12,
    12,
    12,
    12,
    12,
    12,
    12,
    12,
    12,
    12,
    12,
    12,
    12,
    12,
    12,
    12,
    12,
    12,
    12,
    12,
    12,
    12,
    12,
    12,
    12,
    12,
    12,
    12,
    12,
    12,
    12,
    12,
    12,
    12,
    12,
    12,
    12,
    12,
    12,
    12,
    12,
    12,
    12,
    12,
    12,
    12,
    12,
    12,
    12,
    12,
    12,
    12,
    12,
    12,
    12,
    12,
    12,
    12,
    12,
    12,
    12,
    12,
    12,
    12,
    12,
    12,
    12,
    12,
    12,
    12,
    12,
    12,
    12,
    12,
    12,
    12,
    12,
    12,
    12,
    12,
    12,
    12,
    12,
    12,
    12,
    12,
    12,
    12,
    12,
    12,
    12,
    12,
    12,
    12,
    12,
    12,
    12,
    12,
    12,
    12,
    12,
    12,
    12,
    12,
    12,
    12,
    12,
    12,
    12,
    12,
    12,
    12,
    12,
    12,
    12,
    12,
    12,
    12,
    12,
    12,
    12,
    12,
    12,
    12,
    12,
    12,
    12,
    12,
    12,
    12,
    12,
    12,
    12,
    12,
    12,
    12,
    12,
    12,
    12,
    12,
    12,
    12,
    12,
    12,
    12,
    12,
    12,
    12,
    12,
    12,
    12,
    12,
    12,
    12,
    12,
    12,
    12,
    12,
    12,
    12,
    12,
    12,
    12,
    12,
    12,
    12,
    12,
    12,
    12,
    12,
    12,
    12,
    12,
    12,
    12,
    12,
    12,
    12,
    12,
    12,
    12,
    12,
    12,
    12,
    12,
    12,
    12,
    12,
    12,
    12,
    12,
    12,
    12,
    12,
    12,
    12,
    12,
    12,
    12,
    12,
    12,
    12,
    12,
    12,
    12,
    12,
    12,
    12,
    12,
    12,
    12,
    12,
    12,
    12,
    12,
    12,
    12,
    12,
    12,
    12,
    12,
    12,
    12,
    12,
    12,
    12,
    12,
    12,
    12,
    12,
    12,
    12,
    12,
    12,
    12,
    12,
    12,
    12,
    12,
    12,
    12,
    12,
    12,
    12
  ],
  "energy": [
    0.99492,
    0.9922599999999999,
    0.9939266666666667,
    0.9947066666666666,
    0.9936733333333333,
    0.9908933333333333,
    0.9897933333333334,
    0.9911500000000001,
    0.9877466666666667,
    0.9842566666666666,
    0.9811766666666667,
    0.9786933333333333,
    0.9759899999999999,
    0.97277,
    0.9733833333333334,
    0.9728233333333334,
    0.9754166666666667,
    0.9702266666666667,
    0.97355,
    0.9733433333333332,
    0.97707,
    0.9811833333333334,
    0.9838466666666666,
    0.97901,
    0.9786,
    0.9749366666666667,
    0.9748766666666667,
    0.9688866666666667,
    0.9718433333333333,
    0.9648599999999999,
    0.9631666666666666,
    0.9646266666666666,
    0.9582366666666666,
    0.9602566666666665,
    0.9611266666666666,
    0.9585366666666667,
    0.9660299999999999,
    0.9600733333333333,
    0.9683533333333333,
    0.9609866666666665,
    0.95951,
    0.9633733333333333,
    0.9557666666666665,
    0.9524933333333333,
    0.9460233333333333,
    0.9491499999999999,
    0.94949,
    0.9494666666666666,
    0.9464433333333333,
    0.94807,
    0.9398233333333333,
    0.9323299999999999,
    0.9260066666666665,
    0.92855,
    0.9199833333333333,
    0.9169566666666666,
    0.90823,
    0.90706,
    0.9046333333333333,
    0.8960833333333332,
    0.9037066666666665,
    0.9103166666666667,
    0.9132833333333332,
    0.9216633333333332,
    0.9160733333333333,
    0.9308466666666666,
    0.9247333333333332,
    0.9315399999999999,
    0.93612,
    0.9371633333333333,
    0.9285666666666667,
    0.9293166666666667,
    0.9404733333333333,
    0.92997,
    0.9332533333333334,
    0.92948,
    0.9396033333333332,
    0.9351333333333333,
    0.9539399999999999,
    0.9513233333333333,
    0.94151,
    0.9402833333333332,
    0.9365433333333333,
    0.9368499999999998,
    0.9296466666666666,
    0.94285,
    0.9469266666666667,
    0.9378766666666666,
    0.9287666666666666,
    0.92226,
    0.9463766666666666,
    0.9400966666666667,
    0.9341933333333333,
    0.93054,
    0.9295399999999999,
    0.9262633333333333,
    0.9201999999999999,
    0.9094433333333333,
    0.9102666666666667,
    0.92471,
    0.9267799999999999,
    0.9136199999999999,
    0.9020466666666666,
    0.9412299999999999,
    0.9344299999999999,
    0.92775,
    0.9525733333333332,
    0.9478399999999999,
    0.9601933333333332,
    0.9586766666666665,
    0.9558066666666666,
    0.9503933333333333,
    0.9566566666666666,
    0.9425366666666667,
    0.9300033333333332,
    0.9419166666666666,
    0.9288066666666666,
    0.92735,
    0.9342633333333333,
    0.9284566666666666,
    0.9340666666666665,
    0.9329733333333333,
    0.9181333333333334,
    0.9048799999999999,
    0.9067733333333332,
    0.9158166666666666,
    0.9173633333333333,
    0.9197766666666666,
    0.91682,
    0.9064033333333333,
    0.9051133333333333,
    0.9038633333333332,
    0.9234466666666665,
    0.91053,
    0.9076133333333333,
    0.8971966666666665,
    0.8942799999999999,
    0.9142799999999999,
    0.9130299999999999,
    0.9241299999999999,
    0.91038,
    0.9174633333333332,
    0.9262133333333332,
    0.9241299999999999,
    0.9237133333333332,
    0.9091299999999999,
    0.9049633333333332,
    0.9044066666666666,
    0.9116666666666666,
    0.9183333333333333,
    0.9320833333333333,
    0.9266666666666666,
    0.9224999999999999,
    0.94375,
    0.9525,
    0.9533333333333333,
    0.9404166666666666,
    0.9499999999999998,
    0.9566666666666667,
    0.9441666666666667,
    0.9370833333333333,
    0.9262499999999999,
    0.9224999999999999,
    0.93,
    0.9162499999999999,
    0.9145833333333333,
    0.92125,
    0.9220833333333333,
    0.9149999999999999,
    0.9387499999999999,
    0.9354166666666667,
    0.9220833333333333,
    0.9341666666666666,
    0.9208333333333333,
    0.9187499999999998,
    0.92125,
    0.9120833333333332,
    0.8991666666666666,
    0.8912499999999999,
    0.8766666666666666,
    0.8716666666666666,
    0.8579166666666665,
    0.8583333333333333,
    0.8449999999999999,
    0.8495833333333332,
    0.8633333333333333,
    0.8704166666666665,
    0.8570833333333332,
    0.8474999999999998,
    0.8520833333333332,
    0.8587499999999998,
    0.8499999999999998,
    0.8354166666666666,
    0.8274999999999998,
    0.8404166666666665,
    0.8479166666666664,
    0.8541666666666665,
    0.8520833333333332,
    0.8387499999999998,
    0.8291666666666665,
    0.8612499999999997,
    0.8616666666666665,
    0.8820833333333331,
    0.8862499999999999,
    0.8933333333333332,
    0.8808333333333332,
    0.8887499999999998,
    0.8991666666666664,
    0.8858333333333331,
    0.8954166666666664,
    0.8808333333333332,
    0.8791666666666664,
    0.8687499999999998,
    0.8874999999999998,
    0.8733333333333331,
    0.8691666666666665,
    0.8774999999999998,
    0.8837499999999997,
    0.8704166666666664,
    0.8579166666666663,
    0.8654166666666664,
    0.869583333333333,
    0.8549999999999996,
    0.8412499999999997,
    0.828333333333333,
    0.8141666666666664,
    0.8387499999999998,
    0.838333333333333,
    0.8891666666666663,
    0.8774999999999998,
    0.8641666666666664,
    0.870833333333333,
    0.8616666666666664,
    0.8537499999999997,
    0.9191666666666665,
    0.9133333333333331,
    0.9037499999999997,
    0.9237499999999997,
    0.9358333333333331,
    0.9216666666666664,
    0.9145833333333332,
    0.9129166666666665,
    0.9574999999999999,
    0.9433333333333332,
    0.9291666666666666,
