{
  "experiment": "true_neutral_control",
  "infant_starvation_mult": 0.0,
  "feed_cost": 0.0,
  "init_care": 0.8,
  "grid": "50x50",
  "init_mothers": 40,
  "n_seeds": 10,
  "mean_r": -0.20462114582741414,
  "sd_r": 0.060034168374068636,
  "n_negative_seeds": 10,
  "n_positive_seeds": 0,
  "binom_p_negative": 0.0009765625,
  "per_seed_r": {
    "42": -0.2994089861703636,
    "43": -0.09343232109044929,
    "44": -0.20626672447206304,
    "45": -0.22492071497130436,
    "46": -0.16397986987168972,
    "47": -0.23994132867642032,
    "48": -0.14102540483722548,
    "49": -0.2043750425812377,
    "50": -0.2656457756166053,
    "51": -0.20721528998678243
  },
  "per_seed_final_care": {
    "42": 0.5696237397559527,
    "43": 0.6398849518178986,
    "44": 0.539875022445337,
    "45": 0.5639780661030053,
    "46": 0.5862723534316973,
    "47": 0.5510981263331151,
    "48": 0.6683504361018076,
    "49": 0.6198887460502408,
    "50": 0.5693944071757747,
    "51": 0.6113835915383274
  },
  "per_seed_final_forage": {
    "42": 0.629029470709689,
    "43": 0.70876152483178,
    "44": 0.6121397971449807,
    "45": 0.6192553396493773,
    "46": 0.6002635223829396,
    "47": 0.5885588645225425,
    "48": 0.736463379165483,
    "49": 0.7420300411171376,
    "50": 0.6190491786118117,
    "51": 0.6645138986843192
  },
  "per_seed_final_self": {
    "42": 0.43390749605538986,
    "43": 0.5265652459518514,
    "44": 0.5214885584491261,
    "45": 0.4962983440567016,
    "46": 0.5627154880384808,
    "47": 0.5017036587379371,
    "48": 0.4418628715074887,
    "49": 0.5099662471366834,
    "50": 0.4398846620612207,
    "51": 0.5413425419762734
  }
}